id,stratum,probe,expected,note,result
1,A common-en,evening,pass,,pass
2,A common-en,later,pass,,pass
3,A common-en,city,pass,,pass
4,A common-en,gold,pass,,pass
5,A common-en,probably,pass,,pass
6,A common-en,please,pass,,pass
7,A common-en,leave,pass,,pass
8,A common-en,although,pass,,pass
9,A common-en,dark,pass,,block
10,A common-en,great,pass,,block
11,A common-en,happy,pass,,pass
12,A common-en,fight,pass,,pass
13,A common-en,helping,pass,,pass
14,A common-en,while,pass,,block
15,A common-en,no,pass,,pass
16,A common-en,shield,pass,,pass
17,A common-en,looking,pass,,pass
18,A common-en,guild,pass,,pass
19,A common-en,level,pass,,pass
20,A common-en,beat,pass,,block
21,A common-en,third,pass,,block
22,A common-en,recruit,pass,,pass
23,A common-en,kick,pass,,pass
24,A common-en,expensive,pass,,pass
25,A common-en,money,pass,,pass
26,A common-en,cheap,pass,,pass
27,A common-en,village,pass,,block
28,A common-en,fire,pass,,pass
29,A common-en,between,pass,,pass
30,A common-en,during,pass,,pass
31,A common-en,group,pass,,pass
32,A common-en,however,pass,,pass
33,A common-en,different,pass,,pass
34,A common-en,until,pass,,pass
35,A common-en,last,pass,,pass
36,A common-en,party,pass,,block
37,A common-en,lost,pass,,pass
38,A common-en,join,pass,,pass
39,A common-en,next,pass,,pass
40,A common-en,wind,pass,,pass
41,A common-en,maybe,pass,,pass
42,A common-en,thanks,pass,,pass
43,A common-en,cool,pass,,pass
44,A common-en,ice,pass,,pass
45,A common-en,nobody,pass,,pass
46,A common-en,mountain,pass,,pass
47,A common-en,thank,pass,,pass
48,A common-en,why,pass,,pass
49,A common-en,after,pass,,pass
50,A common-en,armor,pass,,pass
51,A common-en,hello,pass,,pass
52,A common-en,skill,pass,,pass
53,A common-en,weapon,pass,,pass
54,A common-en,spell,pass,,pass
55,A common-en,sorry,pass,,pass
56,A common-en,win,pass,,pass
57,A common-en,invite,pass,,block
58,A common-en,around,pass,,pass
59,A common-en,second,pass,,pass
60,A common-en,good,pass,,pass
61,A common-en,yes,pass,,pass
62,A common-en,light,pass,,pass
63,A common-en,item,pass,,pass
64,A common-en,since,pass,,pass
65,B dict-sample,underring,pass,,pass
66,B dict-sample,suasory,pass,,pass
67,B dict-sample,falutin,pass,,pass
68,B dict-sample,seminase,pass,,pass
69,B dict-sample,pyromania,pass,,pass
70,B dict-sample,unbeheaded,pass,,pass
71,B dict-sample,grossularite,pass,,pass
72,B dict-sample,ansarie,pass,,block
73,B dict-sample,moyite,pass,,block
74,B dict-sample,overlaxly,pass,,pass
75,B dict-sample,sympodium,pass,,pass
76,B dict-sample,reallowance,pass,,pass
77,B dict-sample,sinophilism,pass,,pass
78,B dict-sample,reviewish,pass,,pass
79,B dict-sample,flustrum,pass,,pass
80,B dict-sample,frightfully,pass,,pass
81,B dict-sample,isogenotype,pass,,pass
82,B dict-sample,citizendom,pass,,pass
83,B dict-sample,unimbezzled,pass,,pass
84,B dict-sample,paysagist,pass,,pass
85,B dict-sample,reinvest,pass,,pass
86,B dict-sample,reinless,pass,,pass
87,B dict-sample,festinately,pass,,pass
88,B dict-sample,kinescope,pass,,pass
89,B dict-sample,hydrofluate,pass,,pass
90,B dict-sample,figmental,pass,,pass
91,B dict-sample,drengage,pass,,pass
92,B dict-sample,contagioned,pass,,block
93,B dict-sample,convocant,pass,,pass
94,B dict-sample,writmaking,pass,,pass
95,B dict-sample,unpretty,pass,,pass
96,B dict-sample,hexenbesen,pass,,pass
97,B dict-sample,homilete,pass,,pass
98,B dict-sample,coloristic,pass,,pass
99,B dict-sample,apractic,pass,,pass
100,B dict-sample,hohenzollern,pass,,pass
101,B dict-sample,genian,pass,,block
102,B dict-sample,foul,pass,,pass
103,B dict-sample,landlouper,pass,,pass
104,B dict-sample,beltian,pass,,pass
105,B dict-sample,tenebrous,pass,,pass
106,B dict-sample,prefrankness,pass,,pass
107,B dict-sample,sangreeroot,pass,,pass
108,B dict-sample,zygomaticum,pass,,pass
109,B dict-sample,physical,pass,,pass
110,B dict-sample,willfully,pass,,pass
111,B dict-sample,iodiferous,pass,,pass
112,B dict-sample,keraphyllous,pass,,pass
113,B dict-sample,degenerate,pass,,block
114,B dict-sample,prelegatee,pass,,pass
115,B dict-sample,barathea,pass,,pass
116,B dict-sample,redemand,pass,,pass
117,B dict-sample,ranged,pass,,pass
118,B dict-sample,rectorate,pass,,pass
119,B dict-sample,ringer,pass,,pass
120,B dict-sample,villa,pass,,pass
121,B dict-sample,restful,pass,,pass
122,B dict-sample,celeomorphic,pass,,pass
123,B dict-sample,annularity,pass,,pass
124,B dict-sample,toptail,pass,,block
125,B dict-sample,meticulous,pass,,block
126,B dict-sample,athirst,pass,,block
127,B dict-sample,volitionate,pass,,pass
128,B dict-sample,topped,pass,,pass
129,C game-vocab,mover,pass,,block
130,C game-vocab,finn,pass,,pass
131,C game-vocab,frigid,pass,,pass
132,C game-vocab,logistics,pass,,block
133,C game-vocab,say,pass,,pass
134,C game-vocab,favra,pass,,pass
135,C game-vocab,codex,pass,,pass
136,C game-vocab,runner,pass,,pass
137,C game-vocab,gray,pass,,pass
138,C game-vocab,tumbleweed,pass,,pass
139,C game-vocab,winged,pass,,pass
140,C game-vocab,menace,pass,,pass
141,C game-vocab,fresh,pass,,block
142,C game-vocab,glyph,pass,,pass
143,C game-vocab,cutter,pass,,pass
144,C game-vocab,midnight,pass,,pass
145,C game-vocab,wealth,pass,,block
146,C game-vocab,matt,pass,,pass
147,C game-vocab,trinket,pass,,pass
148,C game-vocab,pipe,pass,,pass
149,C game-vocab,devilray,pass,,pass
150,C game-vocab,well,pass,,pass
151,C game-vocab,nom,pass,,block
152,C game-vocab,kick,pass,,block
153,C game-vocab,envelopment,pass,,pass
154,C game-vocab,kabron,pass,,pass
155,C game-vocab,beast,pass,,pass
156,C game-vocab,alliance,pass,,pass
157,C game-vocab,lasting,pass,,pass
158,C game-vocab,poster,pass,,pass
159,C game-vocab,bandit,pass,,pass
160,C game-vocab,casual,pass,,pass
161,C game-vocab,saga,pass,,pass
162,C game-vocab,john,pass,,pass
163,C game-vocab,bonanza,pass,,pass
164,C game-vocab,drinker,pass,,pass
165,C game-vocab,teahouse,pass,,pass
166,C game-vocab,mantle,pass,,pass
167,C game-vocab,frozen,pass,,pass
168,C game-vocab,reduction,pass,,pass
169,C game-vocab,drink,pass,,block
170,C game-vocab,illustration,pass,,pass
171,C game-vocab,clown,pass,,pass
172,C game-vocab,ike,pass,,pass
173,C game-vocab,kafra,pass,,pass
174,C game-vocab,morpho,pass,,pass
175,C game-vocab,huntsman,pass,,pass
176,C game-vocab,waterfall,pass,,pass
177,C game-vocab,karel,pass,,pass
178,C game-vocab,shatucca,pass,,pass
179,C game-vocab,bystander,pass,,pass
180,C game-vocab,jun,pass,,block
181,C game-vocab,jogger,pass,,pass
182,C game-vocab,cooling,pass,,block
183,C game-vocab,aching,pass,,pass
184,C game-vocab,giearth,pass,,pass
185,C game-vocab,leave,pass,,pass
186,C game-vocab,ablaze,pass,,pass
187,C game-vocab,poppo,pass,,pass
188,C game-vocab,crimson,pass,,pass
189,C game-vocab,endure,pass,,pass
190,C game-vocab,suit,pass,,pass
191,C game-vocab,ale,pass,,pass
192,C game-vocab,creeper,pass,,pass
193,D fp-prone,stitcher,pass,contains a profane fragment but is innocuous,block
194,D fp-prone,assuredness,pass,contains a profane fragment but is innocuous,pass
195,D fp-prone,killingly,pass,contains a profane fragment but is innocuous,block
196,D fp-prone,misexecute,pass,contains a profane fragment but is innocuous,block
197,D fp-prone,leucothoe,pass,contains a profane fragment but is innocuous,block
198,D fp-prone,espousement,pass,contains a profane fragment but is innocuous,pass
199,D fp-prone,serapis,pass,contains a profane fragment but is innocuous,block
200,D fp-prone,bitterweed,pass,contains a profane fragment but is innocuous,pass
201,D fp-prone,heliotroper,pass,contains a profane fragment but is innocuous,block
202,D fp-prone,schelling,pass,contains a profane fragment but is innocuous,pass
203,D fp-prone,organal,pass,contains a profane fragment but is innocuous,pass
204,D fp-prone,dagassa,pass,contains a profane fragment but is innocuous,block
205,D fp-prone,canalling,pass,contains a profane fragment but is innocuous,block
206,D fp-prone,hangie,pass,contains a profane fragment but is innocuous,block
207,D fp-prone,directivity,pass,contains a profane fragment but is innocuous,pass
208,D fp-prone,grapeful,pass,contains a profane fragment but is innocuous,pass
209,D fp-prone,asexuality,pass,contains a profane fragment but is innocuous,block
210,D fp-prone,windlass,pass,contains a profane fragment but is innocuous,block
211,D fp-prone,undirected,pass,contains a profane fragment but is innocuous,pass
212,D fp-prone,nonsoldier,pass,contains a profane fragment but is innocuous,pass
213,D fp-prone,associationalism,pass,contains a profane fragment but is innocuous,pass
214,D fp-prone,unquantitative,pass,contains a profane fragment but is innocuous,block
215,D fp-prone,unassessed,pass,contains a profane fragment but is innocuous,pass
216,D fp-prone,vantbrass,pass,contains a profane fragment but is innocuous,pass
217,D fp-prone,plowshoe,pass,contains a profane fragment but is innocuous,pass
218,D fp-prone,latericumbent,pass,contains a profane fragment but is innocuous,pass
219,D fp-prone,tass,pass,contains a profane fragment but is innocuous,block
220,D fp-prone,tennantite,pass,contains a profane fragment but is innocuous,pass
221,D fp-prone,sunweed,pass,contains a profane fragment but is innocuous,block
222,D fp-prone,periproctitis,pass,contains a profane fragment but is innocuous,block
223,D fp-prone,cassumunar,pass,contains a profane fragment but is innocuous,pass
224,D fp-prone,scorpionweed,pass,contains a profane fragment but is innocuous,block
225,D fp-prone,cassiopeia,pass,contains a profane fragment but is innocuous,pass
226,D fp-prone,watchglassful,pass,contains a profane fragment but is innocuous,pass
227,D fp-prone,misclass,pass,contains a profane fragment but is innocuous,pass
228,D fp-prone,hoarsely,pass,contains a profane fragment but is innocuous,block
229,D fp-prone,superincumbent,pass,contains a profane fragment but is innocuous,block
230,D fp-prone,excrementitial,pass,contains a profane fragment but is innocuous,block
231,D fp-prone,killcu,pass,contains a profane fragment but is innocuous,pass
232,D fp-prone,shirlcock,pass,contains a profane fragment but is innocuous,pass
233,D fp-prone,pentit,pass,contains a profane fragment but is innocuous,pass
234,D fp-prone,hassium,pass,contains a profane fragment but is innocuous,pass
235,D fp-prone,sexivalent,pass,contains a profane fragment but is innocuous,block
236,D fp-prone,titubation,pass,contains a profane fragment but is innocuous,pass
237,D fp-prone,antitypic,pass,contains a profane fragment but is innocuous,block
238,D fp-prone,butterfly,pass,contains a profane fragment but is innocuous,block
239,D fp-prone,dickey,pass,contains a profane fragment but is innocuous,block
240,D fp-prone,postresurrectional,pass,contains a profane fragment but is innocuous,pass
241,D fp-prone,glassfish,pass,contains a profane fragment but is innocuous,pass
242,D fp-prone,vulvovaginitis,pass,contains a profane fragment but is innocuous,pass
243,D fp-prone,semicanalis,pass,contains a profane fragment but is innocuous,block
244,D fp-prone,sphyrapicus,pass,contains a profane fragment but is innocuous,pass
245,D fp-prone,rachianalgesia,pass,contains a profane fragment but is innocuous,pass
246,D fp-prone,cockalorum,pass,contains a profane fragment but is innocuous,block
247,D fp-prone,fermentitious,pass,contains a profane fragment but is innocuous,pass
248,D fp-prone,circumscribe,pass,contains a profane fragment but is innocuous,block
249,D fp-prone,pileweed,pass,contains a profane fragment but is innocuous,block
250,D fp-prone,profectitious,pass,contains a profane fragment but is innocuous,block
251,D fp-prone,superassertion,pass,contains a profane fragment but is innocuous,pass
252,D fp-prone,sexually,pass,contains a profane fragment but is innocuous,pass
253,D fp-prone,soldierwise,pass,contains a profane fragment but is innocuous,pass
254,D fp-prone,prospicience,pass,contains a profane fragment but is innocuous,pass
255,D fp-prone,improperation,pass,contains a profane fragment but is innocuous,block
256,D fp-prone,imbursement,pass,contains a profane fragment but is innocuous,pass
257,D fp-prone,circumduce,pass,contains a profane fragment but is innocuous,pass
258,D fp-prone,assassinator,pass,contains a profane fragment but is innocuous,block
259,D fp-prone,unassoiled,pass,contains a profane fragment but is innocuous,pass
260,D fp-prone,resex,pass,contains a profane fragment but is innocuous,block
261,D fp-prone,marconigraphy,pass,contains a profane fragment but is innocuous,block
262,D fp-prone,methylator,pass,contains a profane fragment but is innocuous,pass
263,D fp-prone,tydie,pass,contains a profane fragment but is innocuous,block
264,D fp-prone,circumaviation,pass,contains a profane fragment but is innocuous,block
265,D fp-prone,pincerweed,pass,contains a profane fragment but is innocuous,pass
266,D fp-prone,sassanidae,pass,contains a profane fragment but is innocuous,block
267,D fp-prone,dickeybird,pass,contains a profane fragment but is innocuous,block
268,D fp-prone,gamecock,pass,contains a profane fragment but is innocuous,block
269,D fp-prone,crackpot,pass,contains a profane fragment but is innocuous,block
270,D fp-prone,arreptitious,pass,contains a profane fragment but is innocuous,pass
271,D fp-prone,manuscriptal,pass,contains a profane fragment but is innocuous,block
272,D fp-prone,unsurpassable,pass,contains a profane fragment but is innocuous,pass
273,D fp-prone,hydrorrhoea,pass,contains a profane fragment but is innocuous,block
274,D fp-prone,actinodielectric,pass,contains a profane fragment but is innocuous,pass
275,D fp-prone,unassessableness,pass,contains a profane fragment but is innocuous,pass
276,D fp-prone,sulphonethylmethane,pass,contains a profane fragment but is innocuous,block
277,D fp-prone,septipartite,pass,contains a profane fragment but is innocuous,block
278,D fp-prone,cumbha,pass,contains a profane fragment but is innocuous,pass
279,D fp-prone,hexapartite,pass,contains a profane fragment but is innocuous,block
280,D fp-prone,titrimetric,pass,contains a profane fragment but is innocuous,pass
281,D fp-prone,toddick,pass,contains a profane fragment but is innocuous,block
282,D fp-prone,sextubercular,pass,contains a profane fragment but is innocuous,block
283,D fp-prone,killeekillee,pass,contains a profane fragment but is innocuous,pass
284,D fp-prone,medjidie,pass,contains a profane fragment but is innocuous,block
285,D fp-prone,troper,pass,contains a profane fragment but is innocuous,pass
286,D fp-prone,directional,pass,contains a profane fragment but is innocuous,block
287,D fp-prone,vibromassage,pass,contains a profane fragment but is innocuous,block
288,D fp-prone,buttonbur,pass,contains a profane fragment but is innocuous,block
289,D fp-prone,unreassuringly,pass,contains a profane fragment but is innocuous,pass
290,D fp-prone,glassless,pass,contains a profane fragment but is innocuous,pass
291,D fp-prone,directed,pass,contains a profane fragment but is innocuous,pass
292,D fp-prone,directitude,pass,contains a profane fragment but is innocuous,block
293,D fp-prone,reversement,pass,contains a profane fragment but is innocuous,block
294,D fp-prone,easement,pass,contains a profane fragment but is innocuous,pass
295,D fp-prone,janus,pass,contains a profane fragment but is innocuous,pass
296,D fp-prone,tarbuttite,pass,contains a profane fragment but is innocuous,pass
297,D fp-prone,passman,pass,contains a profane fragment but is innocuous,pass
298,D fp-prone,dastard,pass,contains a profane fragment but is innocuous,pass
299,D fp-prone,sniggle,pass,contains a profane fragment but is innocuous,block
300,D fp-prone,isinglass,pass,contains a profane fragment but is innocuous,pass
301,D fp-prone,orvietite,pass,contains a profane fragment but is innocuous,block
302,D fp-prone,cassidid,pass,contains a profane fragment but is innocuous,block
303,D fp-prone,bouleversement,pass,contains a profane fragment but is innocuous,block
304,D fp-prone,appassionata,pass,contains a profane fragment but is innocuous,block
305,D fp-prone,snigger,pass,contains a profane fragment but is innocuous,pass
306,D fp-prone,bacteriotherapeutic,pass,contains a profane fragment but is innocuous,block
307,D fp-prone,diethylamine,pass,contains a profane fragment but is innocuous,pass
308,D fp-prone,circuminsession,pass,contains a profane fragment but is innocuous,pass
309,D fp-prone,buttonhook,pass,contains a profane fragment but is innocuous,pass
310,D fp-prone,circumplication,pass,contains a profane fragment but is innocuous,block
311,D fp-prone,vinasse,pass,contains a profane fragment but is innocuous,block
312,D fp-prone,lasset,pass,contains a profane fragment but is innocuous,block
313,D fp-prone,addititious,pass,contains a profane fragment but is innocuous,block
314,D fp-prone,antitrismus,pass,contains a profane fragment but is innocuous,pass
315,D fp-prone,reasseverate,pass,contains a profane fragment but is innocuous,pass
316,D fp-prone,classes,pass,contains a profane fragment but is innocuous,block
317,D fp-prone,passerine,pass,contains a profane fragment but is innocuous,block
318,D fp-prone,nigritian,pass,contains a profane fragment but is innocuous,pass
319,D fp-prone,bennettitaceous,pass,contains a profane fragment but is innocuous,pass
320,D fp-prone,inauspiciously,pass,contains a profane fragment but is innocuous,pass
321,E proper-noun,ping,pass,,pass
322,E proper-noun,peter,pass,,block
323,E proper-noun,jess,pass,,pass
324,E proper-noun,rees,pass,,block
325,E proper-noun,courtney,pass,,pass
326,E proper-noun,boyce,pass,,block
327,E proper-noun,matthias,pass,,block
328,E proper-noun,joanne,pass,,pass
329,E proper-noun,mohammad,pass,,pass
330,E proper-noun,boyd,pass,,pass
331,E proper-noun,charley,pass,,pass
332,E proper-noun,randell,pass,,pass
333,E proper-noun,joubert,pass,,pass
334,E proper-noun,charles,pass,,pass
335,E proper-noun,kenn,pass,,pass
336,E proper-noun,konstantinos,pass,,block
337,E proper-noun,jesus,pass,,pass
338,E proper-noun,kent,pass,,pass
339,E proper-noun,emma,pass,,pass
340,E proper-noun,pravin,pass,,pass
341,E proper-noun,lyndon,pass,,pass
342,E proper-noun,ninja,pass,,pass
343,E proper-noun,cory,pass,,block
344,E proper-noun,bernard,pass,,pass
345,E proper-noun,penny,pass,,pass
346,E proper-noun,naoto,pass,,pass
347,E proper-noun,lance,pass,,pass
348,E proper-noun,bernie,pass,,pass
349,E proper-noun,sehyo,pass,,pass
350,E proper-noun,tammy,pass,,block
351,E proper-noun,raymond,pass,,pass
352,E proper-noun,meehan,pass,,pass
353,E proper-noun,gerald,pass,,pass
354,E proper-noun,neville,pass,,pass
355,E proper-noun,spass,pass,,pass
356,E proper-noun,loyd,pass,,pass
357,E proper-noun,honzo,pass,,pass
358,E proper-noun,donna,pass,,pass
359,E proper-noun,archie,pass,,pass
360,E proper-noun,caleb,pass,,pass
361,E proper-noun,dimitry,pass,,pass
362,E proper-noun,sharan,pass,,pass
363,E proper-noun,becky,pass,,pass
364,E proper-noun,lila,pass,,block
365,E proper-noun,sunil,pass,,pass
366,E proper-noun,takao,pass,,pass
367,E proper-noun,josip,pass,,pass
368,E proper-noun,tait,pass,,pass
369,E proper-noun,tandy,pass,,pass
370,E proper-noun,nigel,pass,,pass
371,E proper-noun,rakhal,pass,,pass
372,E proper-noun,kenneth,pass,,pass
373,E proper-noun,daren,pass,,pass
374,E proper-noun,celeste,pass,,block
375,E proper-noun,evelyn,pass,,pass
376,E proper-noun,pamela,pass,,pass
377,E proper-noun,dylan,pass,,pass
378,E proper-noun,srinivasan,pass,,block
379,E proper-noun,konrad,pass,,pass
380,E proper-noun,doyle,pass,,pass
381,E proper-noun,tolerant,pass,,pass
382,E proper-noun,gary,pass,,pass
383,E proper-noun,rudolph,pass,,pass
384,E proper-noun,sedovic,pass,,pass
385,G evasion,<PROFANITY:spaced>,block,apply the 'spaced' transform to a common profanity and type that,pass
386,G evasion,<PROFANITY:dotted>,block,apply the 'dotted' transform to a common profanity and type that,pass
387,G evasion,<PROFANITY:repeat>,block,apply the 'repeat' transform to a common profanity and type that,pass
388,G evasion,<PROFANITY:leet>,block,apply the 'leet' transform to a common profanity and type that,pass
389,G evasion,<PROFANITY:fullwidth>,block,apply the 'fullwidth' transform to a common profanity and type that,pass
390,G evasion,<PROFANITY:upper>,block,apply the 'upper' transform to a common profanity and type that,pass
391,H control-clean,qzjvx,pass,nonsense; if this is blocked the list is broken,pass
392,H control-clean,wexbtn,pass,nonsense; if this is blocked the list is broken,pass
393,H control-clean,mlqrpd,pass,nonsense; if this is blocked the list is broken,pass
394,H control-clean,vbnxzq,pass,nonsense; if this is blocked the list is broken,pass
395,H control-clean,jkwmtz,pass,nonsense; if this is blocked the list is broken,pass
396,H control-clean,zzqqxx,pass,nonsense; if this is blocked the list is broken,pass
397,H control-clean,pflmrv,pass,nonsense; if this is blocked the list is broken,pass
398,H control-clean,xcvbnm,pass,nonsense; if this is blocked the list is broken,pass
399,H control-clean,qwrtpl,pass,nonsense; if this is blocked the list is broken,pass
400,H control-clean,hjklzx,pass,nonsense; if this is blocked the list is broken,pass
401,I control-block,<PROFANITY:plain>,block,"an unambiguous profanity, typed plainly -- confirms the filter is switched on",block
